ds	yhat	yhat_lower	yhat_upper
2009-05-24	5.798344085839012	3.2772542165276066	8.479493624942403
2009-05-25	7.096128195292329	4.2939593751142455	9.648566795138263
2009-05-26	7.203043768600388	4.664863828254134	9.731957670919218
2009-05-27	7.331381171060157	4.889915092218217	9.970868091665718
2009-05-28	7.319560655441475	4.6382118612471634	9.745160952181916
2009-05-29	7.379475799164767	4.771275048346915	9.916575129224052
2009-05-30	6.392768874117225	3.813799609376229	8.710595685926357
2009-05-31	6.278918271538558	3.659247439929327	8.820264831473493
2009-06-01	7.56359972448493	5.145084412511971	10.199010758062329
2009-06-02	7.6486493760476	4.929975720016687	10.255234066813028
2009-06-03	7.7467556440426595	5.201540271517949	10.350031020214056
2009-06-04	7.696967782236318	5.242761423570543	10.268382117452699
2009-06-05	7.71202359784124	5.263309516732096	10.152093903503062
2009-06-06	6.674603158395582	4.078040140799892	9.088607522113719
2009-06-07	6.505389228812808	3.851151592916678	8.989324651759631
2009-06-08	7.7313969458953045	5.069971510566522	10.192432016460112
2009-06-09	7.755901667389694	5.2639347047910245	10.15416245059506
2009-06-10	7.793092933250571	5.193499107857549	10.25766826559059
2009-06-11	7.683543495789854	5.188266853639934	10.203314331832432
2009-06-12	7.641496974294643	5.216115111411072	10.286392957425528
2009-06-13	6.551082071153008	3.9754848598303507	9.137069843553908
2009-06-14	6.334335170838387	3.7937466116224363	9.042351606985758
2009-06-15	7.519494856136217	4.94769441346072	9.982384526255826
2009-06-16	7.510898223348997	5.005462550830302	10.02460255085993
2009-06-17	7.523607770622413	5.075099398236208	9.898753746130513
2009-06-18	7.3988585213450975	4.89433632445391	9.855409960999774
2009-06-19	7.351329493574686	4.6395800905389715	9.785597154567599
2009-06-20	6.265347843553892	3.5463885819724186	8.900035891812037
2009-06-21	6.062907721769485	3.6639077878707123	8.344078691111973
2009-06-22	7.271967414628575	4.729537729208081	9.825010964791689
2009-06-23	7.296354514346186	4.9326790914071825	9.82661622816818
2009-06-24	7.350407580071805	4.756590068485953	9.69063288364035
2009-06-25	7.274443479557303	4.801130003737365	9.62915414880237
2009-06-26	7.282053903515468	4.8684743418799465	9.90482180803405
2009-06-27	6.256338634748894	3.794928800883185	8.72627372568207
2009-06-28	6.117956760283652	3.7359185566029316	8.777338991378763
2009-06-29	7.393458470249701	4.744048442424483	9.853205542497452
2009-06-30	7.485226205543581	4.920051359744837	10.192368579323858
2009-07-01	7.6061526137261275	5.133591147823524	10.176303762532994
2009-07-02	7.595143505237541	4.923418659583308	10.137286539218596
2009-07-03	7.664448339485081	5.2318012228108355	10.292611802182106
2009-07-04	6.695924922182859	4.047377063200644	9.276727562559504
2009-07-05	6.609118688346395	4.174595506032321	9.324468250741832
2009-07-06	7.92961851009874	5.226682477159517	10.4032717907733
2009-07-07	8.059017214509693	5.576860330124246	10.459036245893401
2009-07-08	8.209603836913724	5.530943223286304	10.61380620544264
2009-07-09	8.219875520941809	5.644236392284769	10.784399878586173
2009-07-10	8.301871472852673	5.769438372969673	10.799234285496343
2009-07-11	7.337435689704673	4.711737930268962	9.736762923843875
2009-07-12	7.246289030213814	4.824214662704033	9.72385664158631
2009-07-13	8.554372910122586	6.041959916996913	11.149912048431373
2009-07-14	8.663793285363557	6.243501736902345	11.276518348234923
2009-07-15	8.787492546029647	6.382057122049205	11.218417610426622
2009-07-16	8.764737929177443	6.443564273522796	11.348732866500832
2009-07-17	8.808429632104186	6.284155128737122	11.37311267884315
2009-07-18	7.801336172258331	5.299257345976911	10.289815212273398
2009-07-19	7.664138416255056	5.160623048194923	10.426788937349384
2009-07-20	8.923745414189266	6.256828872732673	11.317796823998965
2009-07-21	8.983211532038112	6.334109405358247	11.70089471957362
2009-07-22	9.056383284755386	6.595236582307066	11.574963334594429
2009-07-23	8.98336518518076	6.505674719964045	11.527671517436229
2009-07-24	8.97780840444498	6.5518288116135865	11.531366838047697
2009-07-25	7.923130293781277	5.501199484059928	10.471678507436945
2009-07-26	7.740546570043653	5.144967064487321	10.332153916913414
2009-07-27	8.95737954726606	6.419442395327992	11.421942220394035
2009-07-28	8.976972014090192	6.383862521656952	11.492656073959456
2009-07-29	9.013335126499891	6.373294173177894	11.483828567239001
2009-07-30	8.906619460811287	6.298758741118545	11.307139499987759
2009-07-31	8.870412722992672	6.127841883329353	11.445143057708156
2009-08-01	7.787971746485962	5.007213715073361	10.467806004259467
2009-08-02	7.580270060015168	5.041384435235798	10.170703427344794
2009-08-03	8.7743238017818	6.355776430371838	11.2814880006981
2009-08-04	8.773124909462819	6.3974918831799314	11.259979738408004
2009-08-05	8.790309242709839	6.34597771381605	11.257403387031612
2009-08-06	8.665648051715296	6.257404604718319	11.237886176803867
2009-08-07	8.61236556148509	6.079697881487045	11.299344015485802
2009-08-08	7.513389606190921	4.988187058324732	10.173413537769038
2009-08-09	7.2894159480838	4.850519838818301	9.68970186507501
2009-08-10	8.467248481931641	5.899411054629283	10.938216121946597
2009-08-11	8.449743768433443	5.774497262775773	10.984305829063675
2009-08-12	8.450487172246026	5.880518133836563	11.015929315118633
2009-08-13	8.309288753523022	5.7445700792824015	10.831710838212206
2009-08-14	8.23950154242585	5.845252723436103	10.697869904974278
2009-08-15	7.124269119084943	4.598668334939762	9.760332151191673
2009-08-16	6.88458324977098	4.269837466134481	9.433288389908633
2009-08-17	8.047614020212261	5.550454544724814	10.481232540457784
2009-08-18	8.016641265105514	5.632684514933895	10.579532801566128
2009-08-19	8.005715028463733	5.472507301634885	10.632382030312998
2009-08-20	7.855133751039485	5.325494437937664	10.549525419649065
2009-08-21	7.778743431812677	5.236984310127717	10.214578754125373
